id,pc_username,function_name,Date,Time
1,HONOR,start_lab,27.04.2026,02:47:13
2,HONOR,start_lab,27.04.2026,02:49:28
3,HONOR,start_lab,27.04.2026,02:50:45
4,HONOR,start_lab,27.04.2026,02:51:55
5,HONOR,start_lab,27.04.2026,02:57:03
6,HONOR,start_lab,27.04.2026,02:57:17
7,HONOR,start_lab,27.04.2026,02:58:01
8,HONOR,start_lab,27.04.2026,02:58:31
9,HONOR,start_lab,27.04.2026,02:59:01
10,HONOR,start_lab,27.04.2026,02:59:35
11,HONOR,start_lab,27.04.2026,02:59:45
12,HONOR,start_lab,27.04.2026,02:59:56
